{
  "timestamp": "2025-08-23T04:28:41.970272",
  "video_path": "/Users/kunanonttaechaaukarkaul/Documents/CMKL/UB Internship/PTZCamera/reid/bpbreid/datasets/Compare/dataset-1/incorrect.MOV",
  "gallery_path": "/Users/kunanonttaechaaukarkaul/Documents/CMKL/UB Internship/PTZCamera/reid/bpbreid/datasets/Compare/dataset-1/gallery-person.jpg",
  "total_frames": 307,
  "frames_with_detection": 45,
  "frames_with_match": 25,
  "frames_without_match": 20,
  "similarity_scores": [
    0.4108401834964752,
    0.39601752161979675,
    0.46846336126327515,
    0.5704774260520935,
    0.554313063621521,
    0.5675007104873657,
    0.5660640597343445,
    0.4830295145511627,
    0.5569361448287964,
    0.5040819048881531,
    0.5178467631340027,
    0.4990164041519165,
    0.4610668420791626,
    0.46350741386413574,
    0.37633341550827026,
    0.5072120428085327,
    0.3694620728492737,
    0.35125619173049927,
    0.4556127190589905,
    0.39091113209724426,
    0.3693724274635315,
    0.3925884962081909,
    0.4624254107475281,
    0.49034178256988525,
    0.4181651473045349,
    0.42876362800598145,
    0.42320752143859863,
    0.5242233872413635,
    0.5116123557090759,
    0.4170679450035095,
    0.44248509407043457,
    0.43060314655303955,
    0.507095217704773,
    0.5364274382591248,
    0.5036827921867371,
    0.507918119430542,
    0.4770500957965851,
    0.4858255982398987,
    0.4577674865722656,
    0.3761643171310425,
    0.37335705757141113,
    0.37800848484039307,
    0.40220946073532104,
    0.3636585772037506,
    0.4297630190849304
  ],
  "reid_threshold": 0.45
}