{
  "timestamp": "2025-08-27T18:04:59.686609",
  "video_path": "/Users/kunanonttaechaaukarkaul/Documents/CMKL/UB Internship/PTZCamera/reid/bpbreid/datasets/Compare/dataset-1/incorrect.MOV",
  "gallery_path": "/Users/kunanonttaechaaukarkaul/Documents/CMKL/UB Internship/PTZCamera/reid/bpbreid/datasets/Compare/dataset-1/gallery-person.jpg",
  "total_frames": 307,
  "frames_with_detection": 12,
  "frames_with_match": 0,
  "frames_without_match": 12,
  "similarity_scores": [
    0.3453609049320221,
    0.3346591293811798,
    0.3616272807121277,
    0.3734564781188965,
    0.36604052782058716,
    0.3578014671802521,
    0.36207157373428345,
    0.3579891622066498,
    0.37263545393943787,
    0.33931249380111694,
    0.35733336210250854,
    0.34872859716415405
  ],
  "reid_threshold": 0.46
}